### sorted_result.test 开始
CREATE TABLE t_unsorted (val INT)
INSERT INTO t_unsorted VALUES (3),(1),(2)
# 原始顺序不可预期，这里不比对
SELECT * FROM t_unsorted
SELECT * FROM t_unsorted
1
2
3
DROP TABLE t_unsorted
### sorted_result.test 结束
