Starting connection test
SELECT 'default connection' as current_conn
default connection
SELECT 'conn1 connection' as current_conn
conn1 connection
DROP TABLE IF EXISTS test_table
CREATE TABLE test_table (id INT, name VARCHAR(50))
INSERT INTO test_table VALUES (1, 'data from conn1')
SELECT 'back to default' as current_conn
back to default
DROP TABLE IF EXISTS test_table
SELECT * FROM test_table
Got one of the listed errors
SELECT * FROM test_table
1	data from conn1
DROP TABLE IF EXISTS test_table
SELECT 'final default connection' as current_conn
final default connection
