Testing basic functionality
CREATE TABLE users (
    id INTEGER PRIMARY KEY,
    name TEXT NOT NULL,
    email TEXT
)
INSERT INTO users (name, email) VALUES ('Alice', 'alice@example.com')
INSERT INTO users (name, email) VALUES ('Bob', 'bob@example.com')
SELECT * FROM users
1	Alice	alice@example.com
2	Bob	bob@example.com
SELECT name FROM users WHERE id = 1
Alice
Test completed successfully
