SELECT 1
1
"Line 5"
SELECT 2
2
